[{"model": "admin.logentry", "pk": 1, "fields": {"action_time": "2023-05-19T11:02:28.928Z", "user": 1, "content_type": 7, "object_id": "1", "object_repr": "Products object (1)", "action_flag": 1, "change_message": "[{\"added\": {}}]"}}, {"model": "admin.logentry", "pk": 2, "fields": {"action_time": "2023-05-19T11:03:04.442Z", "user": 1, "content_type": 7, "object_id": "2", "object_repr": "Products object (2)", "action_flag": 1, "change_message": "[{\"added\": {}}]"}}, {"model": "admin.logentry", "pk": 3, "fields": {"action_time": "2023-05-19T11:03:28.836Z", "user": 1, "content_type": 7, "object_id": "3", "object_repr": "Products object (3)", "action_flag": 1, "change_message": "[{\"added\": {}}]"}}, {"model": "admin.logentry", "pk": 4, "fields": {"action_time": "2023-05-19T11:04:05.666Z", "user": 1, "content_type": 7, "object_id": "4", "object_repr": "Products object (4)", "action_flag": 1, "change_message": "[{\"added\": {}}]"}}, {"model": "admin.logentry", "pk": 5, "fields": {"action_time": "2023-05-19T11:04:40.507Z", "user": 1, "content_type": 7, "object_id": "5", "object_repr": "Products object (5)", "action_flag": 1, "change_message": "[{\"added\": {}}]"}}, {"model": "admin.logentry", "pk": 6, "fields": {"action_time": "2023-05-19T11:05:12.178Z", "user": 1, "content_type": 7, "object_id": "6", "object_repr": "Products object (6)", "action_flag": 1, "change_message": "[{\"added\": {}}]"}}, {"model": "admin.logentry", "pk": 7, "fields": {"action_time": "2023-05-19T11:05:18.833Z", "user": 1, "content_type": 7, "object_id": "3", "object_repr": "Products object (3)", "action_flag": 2, "change_message": "[]"}}, {"model": "admin.logentry", "pk": 8, "fields": {"action_time": "2023-05-19T11:53:27.093Z", "user": 1, "content_type": 7, "object_id": "4", "object_repr": "Products object (4)", "action_flag": 2, "change_message": "[{\"changed\": {\"fields\": [\"Image url\"]}}]"}}, {"model": "admin.logentry", "pk": 9, "fields": {"action_time": "2023-05-19T12:07:15.212Z", "user": 1, "content_type": 7, "object_id": "7", "object_repr": "Products object (7)", "action_flag": 1, "change_message": "[{\"added\": {}}]"}}, {"model": "admin.logentry", "pk": 10, "fields": {"action_time": "2023-05-19T12:12:20.466Z", "user": 1, "content_type": 7, "object_id": "6", "object_repr": "Products object (6)", "action_flag": 2, "change_message": "[{\"changed\": {\"fields\": [\"Image url\"]}}]"}}, {"model": "admin.logentry", "pk": 11, "fields": {"action_time": "2023-05-19T12:13:08.311Z", "user": 1, "content_type": 7, "object_id": "4", "object_repr": "Products object (4)", "action_flag": 2, "change_message": "[]"}}, {"model": "admin.logentry", "pk": 12, "fields": {"action_time": "2023-05-19T12:16:33.281Z", "user": 1, "content_type": 7, "object_id": "8", "object_repr": "Products object (8)", "action_flag": 1, "change_message": "[{\"added\": {}}]"}}, {"model": "admin.logentry", "pk": 13, "fields": {"action_time": "2023-05-19T12:17:23.380Z", "user": 1, "content_type": 7, "object_id": "5", "object_repr": "Products object (5)", "action_flag": 2, "change_message": "[{\"changed\": {\"fields\": [\"Image url\"]}}]"}}, {"model": "admin.logentry", "pk": 14, "fields": {"action_time": "2023-05-19T12:17:48.105Z", "user": 1, "content_type": 7, "object_id": "4", "object_repr": "Products object (4)", "action_flag": 2, "change_message": "[]"}}, {"model": "admin.logentry", "pk": 15, "fields": {"action_time": "2023-05-19T12:19:24.964Z", "user": 1, "content_type": 7, "object_id": "3", "object_repr": "Products object (3)", "action_flag": 2, "change_message": "[{\"changed\": {\"fields\": [\"Price\", \"Image url\"]}}]"}}, {"model": "admin.logentry", "pk": 16, "fields": {"action_time": "2023-05-19T12:21:19.258Z", "user": 1, "content_type": 7, "object_id": "1", "object_repr": "Products object (1)", "action_flag": 2, "change_message": "[{\"changed\": {\"fields\": [\"Price\", \"Image url\"]}}]"}}, {"model": "admin.logentry", "pk": 17, "fields": {"action_time": "2023-05-19T12:24:32.202Z", "user": 1, "content_type": 7, "object_id": "2", "object_repr": "Products object (2)", "action_flag": 2, "change_message": "[{\"changed\": {\"fields\": [\"Image url\"]}}]"}}, {"model": "admin.logentry", "pk": 18, "fields": {"action_time": "2023-05-19T12:28:11.996Z", "user": 1, "content_type": 7, "object_id": "9", "object_repr": "Products object (9)", "action_flag": 1, "change_message": "[{\"added\": {}}]"}}, {"model": "admin.logentry", "pk": 19, "fields": {"action_time": "2023-05-19T12:34:54.281Z", "user": 1, "content_type": 7, "object_id": "1", "object_repr": "Products object (1)", "action_flag": 2, "change_message": "[{\"changed\": {\"fields\": [\"Image url\"]}}]"}}, {"model": "admin.logentry", "pk": 20, "fields": {"action_time": "2023-05-19T12:35:38.009Z", "user": 1, "content_type": 7, "object_id": "7", "object_repr": "Products object (7)", "action_flag": 2, "change_message": "[{\"changed\": {\"fields\": [\"Image url\"]}}]"}}, {"model": "admin.logentry", "pk": 21, "fields": {"action_time": "2023-05-19T12:37:29.466Z", "user": 1, "content_type": 7, "object_id": "1", "object_repr": "Products object (1)", "action_flag": 2, "change_message": "[{\"changed\": {\"fields\": [\"Image url\"]}}]"}}, {"model": "admin.logentry", "pk": 22, "fields": {"action_time": "2023-05-19T12:39:56.552Z", "user": 1, "content_type": 7, "object_id": "4", "object_repr": "Products object (4)", "action_flag": 2, "change_message": "[{\"changed\": {\"fields\": [\"Image url\"]}}]"}}, {"model": "admin.logentry", "pk": 23, "fields": {"action_time": "2023-05-20T12:37:47.313Z", "user": 1, "content_type": 7, "object_id": "10", "object_repr": "Products object (10)", "action_flag": 1, "change_message": "[{\"added\": {}}]"}}, {"model": "admin.logentry", "pk": 24, "fields": {"action_time": "2023-05-20T12:39:12.485Z", "user": 1, "content_type": 7, "object_id": "11", "object_repr": "Products object (11)", "action_flag": 1, "change_message": "[{\"added\": {}}]"}}, {"model": "admin.logentry", "pk": 25, "fields": {"action_time": "2023-05-20T12:41:41.029Z", "user": 1, "content_type": 7, "object_id": "12", "object_repr": "Products object (12)", "action_flag": 1, "change_message": "[{\"added\": {}}]"}}, {"model": "admin.logentry", "pk": 26, "fields": {"action_time": "2023-05-22T14:29:55.923Z", "user": 1, "content_type": 7, "object_id": "11", "object_repr": "Products object (11)", "action_flag": 2, "change_message": "[{\"changed\": {\"fields\": [\"Name\"]}}]"}}, {"model": "admin.logentry", "pk": 27, "fields": {"action_time": "2023-05-22T14:53:26.889Z", "user": 1, "content_type": 7, "object_id": "13", "object_repr": "Products object (13)", "action_flag": 1, "change_message": "[{\"added\": {}}]"}}, {"model": "admin.logentry", "pk": 28, "fields": {"action_time": "2023-05-22T14:54:17.056Z", "user": 1, "content_type": 7, "object_id": "14", "object_repr": "Products object (14)", "action_flag": 1, "change_message": "[{\"added\": {}}]"}}, {"model": "admin.logentry", "pk": 29, "fields": {"action_time": "2023-05-22T14:57:12.055Z", "user": 1, "content_type": 7, "object_id": "13", "object_repr": "Products object (13)", "action_flag": 2, "change_message": "[{\"changed\": {\"fields\": [\"Image url\"]}}]"}}, {"model": "admin.logentry", "pk": 30, "fields": {"action_time": "2023-05-22T14:58:34.266Z", "user": 1, "content_type": 7, "object_id": "14", "object_repr": "Products object (14)", "action_flag": 2, "change_message": "[{\"changed\": {\"fields\": [\"Image url\"]}}]"}}, {"model": "admin.logentry", "pk": 31, "fields": {"action_time": "2023-05-22T15:00:54.725Z", "user": 1, "content_type": 7, "object_id": "8", "object_repr": "Products object (8)", "action_flag": 2, "change_message": "[{\"changed\": {\"fields\": [\"Image url\"]}}]"}}, {"model": "admin.logentry", "pk": 32, "fields": {"action_time": "2023-05-22T19:50:30.894Z", "user": 1, "content_type": 7, "object_id": "15", "object_repr": "Products object (15)", "action_flag": 1, "change_message": "[{\"added\": {}}]"}}, {"model": "admin.logentry", "pk": 33, "fields": {"action_time": "2023-05-27T22:57:06.430Z", "user": 1, "content_type": 4, "object_id": "2", "object_repr": "ekom", "action_flag": 1, "change_message": "[{\"added\": {}}]"}}, {"model": "admin.logentry", "pk": 34, "fields": {"action_time": "2023-05-27T23:13:59.980Z", "user": 1, "content_type": 12, "object_id": "1", "object_repr": "Ekomobong Isaiah John", "action_flag": 1, "change_message": "[{\"added\": {}}]"}}, {"model": "admin.logentry", "pk": 35, "fields": {"action_time": "2023-05-27T23:18:13.732Z", "user": 1, "content_type": 12, "object_id": "2", "object_repr": "ekom", "action_flag": 1, "change_message": "[{\"added\": {}}]"}}, {"model": "admin.logentry", "pk": 36, "fields": {"action_time": "2023-05-28T06:54:58.193Z", "user": 1, "content_type": 10, "object_id": "2", "object_repr": "2", "action_flag": 1, "change_message": "[{\"added\": {}}]"}}, {"model": "admin.logentry", "pk": 37, "fields": {"action_time": "2023-05-28T06:56:13.711Z", "user": 1, "content_type": 10, "object_id": "3", "object_repr": "3", "action_flag": 1, "change_message": "[{\"added\": {}}]"}}, {"model": "admin.logentry", "pk": 38, "fields": {"action_time": "2023-05-28T06:58:59.590Z", "user": 1, "content_type": 13, "object_id": "1", "object_repr": "OrderItem object (1)", "action_flag": 1, "change_message": "[{\"added\": {}}]"}}, {"model": "admin.logentry", "pk": 39, "fields": {"action_time": "2023-05-28T06:59:40.454Z", "user": 1, "content_type": 11, "object_id": "1", "object_repr": "School Road", "action_flag": 1, "change_message": "[{\"added\": {}}]"}}, {"model": "admin.logentry", "pk": 40, "fields": {"action_time": "2023-05-28T07:01:43.665Z", "user": 1, "content_type": 10, "object_id": "4", "object_repr": "4", "action_flag": 1, "change_message": "[{\"added\": {}}]"}}, {"model": "admin.logentry", "pk": 41, "fields": {"action_time": "2023-05-28T07:02:11.700Z", "user": 1, "content_type": 13, "object_id": "2", "object_repr": "OrderItem object (2)", "action_flag": 1, "change_message": "[{\"added\": {}}]"}}, {"model": "admin.logentry", "pk": 42, "fields": {"action_time": "2023-05-28T07:02:41.016Z", "user": 1, "content_type": 11, "object_id": "2", "object_repr": "School Road", "action_flag": 1, "change_message": "[{\"added\": {}}]"}}, {"model": "admin.logentry", "pk": 43, "fields": {"action_time": "2023-05-28T07:05:30.786Z", "user": 1, "content_type": 13, "object_id": "2", "object_repr": "OrderItem object (2)", "action_flag": 3, "change_message": ""}}, {"model": "admin.logentry", "pk": 44, "fields": {"action_time": "2023-05-28T07:05:30.793Z", "user": 1, "content_type": 13, "object_id": "1", "object_repr": "OrderItem object (1)", "action_flag": 3, "change_message": ""}}, {"model": "admin.logentry", "pk": 45, "fields": {"action_time": "2023-05-28T07:05:44.492Z", "user": 1, "content_type": 10, "object_id": "4", "object_repr": "4", "action_flag": 3, "change_message": ""}}, {"model": "admin.logentry", "pk": 46, "fields": {"action_time": "2023-05-28T07:05:44.501Z", "user": 1, "content_type": 10, "object_id": "3", "object_repr": "3", "action_flag": 3, "change_message": ""}}, {"model": "admin.logentry", "pk": 47, "fields": {"action_time": "2023-05-28T07:05:44.507Z", "user": 1, "content_type": 10, "object_id": "2", "object_repr": "2", "action_flag": 3, "change_message": ""}}, {"model": "admin.logentry", "pk": 48, "fields": {"action_time": "2023-05-28T07:05:44.516Z", "user": 1, "content_type": 10, "object_id": "1", "object_repr": "1", "action_flag": 3, "change_message": ""}}, {"model": "admin.logentry", "pk": 49, "fields": {"action_time": "2023-05-28T07:05:59.136Z", "user": 1, "content_type": 11, "object_id": "2", "object_repr": "School Road", "action_flag": 3, "change_message": ""}}, {"model": "admin.logentry", "pk": 50, "fields": {"action_time": "2023-05-28T07:05:59.143Z", "user": 1, "content_type": 11, "object_id": "1", "object_repr": "School Road", "action_flag": 3, "change_message": ""}}, {"model": "admin.logentry", "pk": 51, "fields": {"action_time": "2023-05-28T07:06:16.775Z", "user": 1, "content_type": 12, "object_id": "1", "object_repr": "Ekomobong Isaiah John", "action_flag": 2, "change_message": "[]"}}, {"model": "admin.logentry", "pk": 52, "fields": {"action_time": "2023-05-28T07:06:23.960Z", "user": 1, "content_type": 12, "object_id": "1", "object_repr": "Ekomobong Isaiah John", "action_flag": 2, "change_message": "[]"}}, {"model": "admin.logentry", "pk": 53, "fields": {"action_time": "2023-05-28T07:06:29.212Z", "user": 1, "content_type": 12, "object_id": "2", "object_repr": "ekom", "action_flag": 2, "change_message": "[]"}}, {"model": "admin.logentry", "pk": 54, "fields": {"action_time": "2023-05-28T07:06:57.827Z", "user": 1, "content_type": 10, "object_id": "5", "object_repr": "5", "action_flag": 1, "change_message": "[{\"added\": {}}]"}}, {"model": "admin.logentry", "pk": 55, "fields": {"action_time": "2023-05-28T07:07:22.301Z", "user": 1, "content_type": 13, "object_id": "3", "object_repr": "OrderItem object (3)", "action_flag": 1, "change_message": "[{\"added\": {}}]"}}, {"model": "admin.logentry", "pk": 56, "fields": {"action_time": "2023-05-28T07:07:57.108Z", "user": 1, "content_type": 11, "object_id": "3", "object_repr": "School Road", "action_flag": 1, "change_message": "[{\"added\": {}}]"}}, {"model": "admin.logentry", "pk": 57, "fields": {"action_time": "2023-05-28T19:48:29.474Z", "user": 1, "content_type": 10, "object_id": "5", "object_repr": "5", "action_flag": 2, "change_message": "[{\"changed\": {\"fields\": [\"Complete\"]}}]"}}, {"model": "admin.logentry", "pk": 58, "fields": {"action_time": "2023-05-28T19:48:48.130Z", "user": 1, "content_type": 10, "object_id": "6", "object_repr": "6", "action_flag": 3, "change_message": ""}}, {"model": "admin.logentry", "pk": 59, "fields": {"action_time": "2023-05-28T19:48:53.177Z", "user": 1, "content_type": 10, "object_id": "5", "object_repr": "5", "action_flag": 2, "change_message": "[]"}}, {"model": "admin.logentry", "pk": 60, "fields": {"action_time": "2023-05-30T14:23:51.486Z", "user": 1, "content_type": 7, "object_id": "15", "object_repr": "Products object (15)", "action_flag": 2, "change_message": "[{\"changed\": {\"fields\": [\"Digital\"]}}]"}}, {"model": "admin.logentry", "pk": 61, "fields": {"action_time": "2023-05-30T14:23:56.653Z", "user": 1, "content_type": 7, "object_id": "15", "object_repr": "Products object (15)", "action_flag": 2, "change_message": "[]"}}, {"model": "admin.logentry", "pk": 62, "fields": {"action_time": "2023-05-30T14:24:03.739Z", "user": 1, "content_type": 7, "object_id": "14", "object_repr": "Products object (14)", "action_flag": 2, "change_message": "[{\"changed\": {\"fields\": [\"Digital\"]}}]"}}, {"model": "admin.logentry", "pk": 63, "fields": {"action_time": "2023-05-30T14:24:10.748Z", "user": 1, "content_type": 7, "object_id": "13", "object_repr": "Products object (13)", "action_flag": 2, "change_message": "[{\"changed\": {\"fields\": [\"Digital\"]}}]"}}, {"model": "admin.logentry", "pk": 64, "fields": {"action_time": "2023-05-30T14:24:20.248Z", "user": 1, "content_type": 7, "object_id": "12", "object_repr": "Products object (12)", "action_flag": 2, "change_message": "[{\"changed\": {\"fields\": [\"Digital\"]}}]"}}, {"model": "admin.logentry", "pk": 65, "fields": {"action_time": "2023-05-30T14:24:27.625Z", "user": 1, "content_type": 7, "object_id": "11", "object_repr": "Products object (11)", "action_flag": 2, "change_message": "[{\"changed\": {\"fields\": [\"Digital\"]}}]"}}, {"model": "admin.logentry", "pk": 66, "fields": {"action_time": "2023-05-30T14:24:40.385Z", "user": 1, "content_type": 7, "object_id": "11", "object_repr": "Products object (11)", "action_flag": 2, "change_message": "[]"}}, {"model": "admin.logentry", "pk": 67, "fields": {"action_time": "2023-05-30T14:24:47.859Z", "user": 1, "content_type": 7, "object_id": "10", "object_repr": "Products object (10)", "action_flag": 2, "change_message": "[{\"changed\": {\"fields\": [\"Digital\"]}}]"}}, {"model": "admin.logentry", "pk": 68, "fields": {"action_time": "2023-05-30T14:24:56.178Z", "user": 1, "content_type": 7, "object_id": "9", "object_repr": "Products object (9)", "action_flag": 2, "change_message": "[{\"changed\": {\"fields\": [\"Digital\"]}}]"}}, {"model": "admin.logentry", "pk": 69, "fields": {"action_time": "2023-05-30T14:25:04.426Z", "user": 1, "content_type": 7, "object_id": "8", "object_repr": "Products object (8)", "action_flag": 2, "change_message": "[{\"changed\": {\"fields\": [\"Digital\"]}}]"}}, {"model": "admin.logentry", "pk": 70, "fields": {"action_time": "2023-05-30T14:26:25.065Z", "user": 1, "content_type": 7, "object_id": "7", "object_repr": "Products object (7)", "action_flag": 2, "change_message": "[{\"changed\": {\"fields\": [\"Digital\"]}}]"}}, {"model": "admin.logentry", "pk": 71, "fields": {"action_time": "2023-05-30T14:26:29.287Z", "user": 1, "content_type": 7, "object_id": "8", "object_repr": "Products object (8)", "action_flag": 2, "change_message": "[]"}}, {"model": "admin.logentry", "pk": 72, "fields": {"action_time": "2023-05-30T14:26:32.612Z", "user": 1, "content_type": 7, "object_id": "7", "object_repr": "Products object (7)", "action_flag": 2, "change_message": "[]"}}, {"model": "admin.logentry", "pk": 73, "fields": {"action_time": "2023-05-30T14:26:38.570Z", "user": 1, "content_type": 7, "object_id": "6", "object_repr": "Products object (6)", "action_flag": 2, "change_message": "[{\"changed\": {\"fields\": [\"Digital\"]}}]"}}, {"model": "admin.logentry", "pk": 74, "fields": {"action_time": "2023-05-30T14:26:45.377Z", "user": 1, "content_type": 7, "object_id": "5", "object_repr": "Products object (5)", "action_flag": 2, "change_message": "[{\"changed\": {\"fields\": [\"Digital\"]}}]"}}, {"model": "admin.logentry", "pk": 75, "fields": {"action_time": "2023-05-30T14:26:53.088Z", "user": 1, "content_type": 7, "object_id": "4", "object_repr": "Products object (4)", "action_flag": 2, "change_message": "[{\"changed\": {\"fields\": [\"Digital\"]}}]"}}, {"model": "admin.logentry", "pk": 76, "fields": {"action_time": "2023-05-30T14:26:59.306Z", "user": 1, "content_type": 7, "object_id": "4", "object_repr": "Products object (4)", "action_flag": 2, "change_message": "[]"}}, {"model": "admin.logentry", "pk": 77, "fields": {"action_time": "2023-05-30T14:27:10.687Z", "user": 1, "content_type": 7, "object_id": "3", "object_repr": "Products object (3)", "action_flag": 2, "change_message": "[{\"changed\": {\"fields\": [\"Digital\"]}}]"}}, {"model": "admin.logentry", "pk": 78, "fields": {"action_time": "2023-05-30T14:27:14.651Z", "user": 1, "content_type": 7, "object_id": "3", "object_repr": "Products object (3)", "action_flag": 2, "change_message": "[]"}}, {"model": "admin.logentry", "pk": 79, "fields": {"action_time": "2023-05-30T14:27:21.885Z", "user": 1, "content_type": 7, "object_id": "2", "object_repr": "Products object (2)", "action_flag": 2, "change_message": "[{\"changed\": {\"fields\": [\"Digital\"]}}]"}}, {"model": "admin.logentry", "pk": 80, "fields": {"action_time": "2023-05-30T14:27:28.498Z", "user": 1, "content_type": 7, "object_id": "1", "object_repr": "Products object (1)", "action_flag": 2, "change_message": "[{\"changed\": {\"fields\": [\"Digital\"]}}]"}}, {"model": "admin.logentry", "pk": 81, "fields": {"action_time": "2023-05-30T14:28:21.017Z", "user": 1, "content_type": 7, "object_id": "1", "object_repr": "Products object (1)", "action_flag": 2, "change_message": "[{\"changed\": {\"fields\": [\"Digital\"]}}]"}}, {"model": "admin.logentry", "pk": 82, "fields": {"action_time": "2023-05-30T14:28:29.283Z", "user": 1, "content_type": 7, "object_id": "15", "object_repr": "Products object (15)", "action_flag": 2, "change_message": "[{\"changed\": {\"fields\": [\"Digital\"]}}]"}}, {"model": "admin.logentry", "pk": 83, "fields": {"action_time": "2023-05-30T14:28:34.603Z", "user": 1, "content_type": 7, "object_id": "14", "object_repr": "Products object (14)", "action_flag": 2, "change_message": "[{\"changed\": {\"fields\": [\"Digital\"]}}]"}}, {"model": "admin.logentry", "pk": 84, "fields": {"action_time": "2023-05-30T14:28:40.731Z", "user": 1, "content_type": 7, "object_id": "13", "object_repr": "Products object (13)", "action_flag": 2, "change_message": "[{\"changed\": {\"fields\": [\"Digital\"]}}]"}}, {"model": "admin.logentry", "pk": 85, "fields": {"action_time": "2023-05-30T14:28:47.344Z", "user": 1, "content_type": 7, "object_id": "12", "object_repr": "Products object (12)", "action_flag": 2, "change_message": "[{\"changed\": {\"fields\": [\"Digital\"]}}]"}}, {"model": "admin.logentry", "pk": 86, "fields": {"action_time": "2023-05-30T14:28:53.512Z", "user": 1, "content_type": 7, "object_id": "11", "object_repr": "Products object (11)", "action_flag": 2, "change_message": "[{\"changed\": {\"fields\": [\"Digital\"]}}]"}}, {"model": "admin.logentry", "pk": 87, "fields": {"action_time": "2023-05-30T14:29:00.308Z", "user": 1, "content_type": 7, "object_id": "10", "object_repr": "Products object (10)", "action_flag": 2, "change_message": "[{\"changed\": {\"fields\": [\"Digital\"]}}]"}}, {"model": "admin.logentry", "pk": 88, "fields": {"action_time": "2023-05-30T14:29:07.035Z", "user": 1, "content_type": 7, "object_id": "9", "object_repr": "Products object (9)", "action_flag": 2, "change_message": "[{\"changed\": {\"fields\": [\"Digital\"]}}]"}}, {"model": "admin.logentry", "pk": 89, "fields": {"action_time": "2023-05-30T14:29:13.582Z", "user": 1, "content_type": 7, "object_id": "8", "object_repr": "Products object (8)", "action_flag": 2, "change_message": "[{\"changed\": {\"fields\": [\"Digital\"]}}]"}}, {"model": "admin.logentry", "pk": 90, "fields": {"action_time": "2023-05-30T14:29:18.694Z", "user": 1, "content_type": 7, "object_id": "8", "object_repr": "Products object (8)", "action_flag": 2, "change_message": "[]"}}, {"model": "admin.logentry", "pk": 91, "fields": {"action_time": "2023-05-30T14:29:26.990Z", "user": 1, "content_type": 7, "object_id": "7", "object_repr": "Products object (7)", "action_flag": 2, "change_message": "[{\"changed\": {\"fields\": [\"Digital\"]}}]"}}, {"model": "admin.logentry", "pk": 92, "fields": {"action_time": "2023-05-30T14:29:35.525Z", "user": 1, "content_type": 7, "object_id": "6", "object_repr": "Products object (6)", "action_flag": 2, "change_message": "[{\"changed\": {\"fields\": [\"Digital\"]}}]"}}, {"model": "admin.logentry", "pk": 93, "fields": {"action_time": "2023-05-30T14:29:40.587Z", "user": 1, "content_type": 7, "object_id": "6", "object_repr": "Products object (6)", "action_flag": 2, "change_message": "[]"}}, {"model": "admin.logentry", "pk": 94, "fields": {"action_time": "2023-05-30T14:29:49.425Z", "user": 1, "content_type": 7, "object_id": "5", "object_repr": "Products object (5)", "action_flag": 2, "change_message": "[{\"changed\": {\"fields\": [\"Digital\"]}}]"}}, {"model": "admin.logentry", "pk": 95, "fields": {"action_time": "2023-05-30T14:30:03.887Z", "user": 1, "content_type": 7, "object_id": "4", "object_repr": "Products object (4)", "action_flag": 2, "change_message": "[{\"changed\": {\"fields\": [\"Digital\"]}}]"}}, {"model": "admin.logentry", "pk": 96, "fields": {"action_time": "2023-05-30T14:30:11.539Z", "user": 1, "content_type": 7, "object_id": "3", "object_repr": "Products object (3)", "action_flag": 2, "change_message": "[{\"changed\": {\"fields\": [\"Digital\"]}}]"}}, {"model": "admin.logentry", "pk": 97, "fields": {"action_time": "2023-05-30T14:30:18.120Z", "user": 1, "content_type": 7, "object_id": "2", "object_repr": "Products object (2)", "action_flag": 2, "change_message": "[{\"changed\": {\"fields\": [\"Digital\"]}}]"}}, {"model": "admin.logentry", "pk": 98, "fields": {"action_time": "2023-05-30T14:30:24.816Z", "user": 1, "content_type": 7, "object_id": "1", "object_repr": "Products object (1)", "action_flag": 2, "change_message": "[]"}}, {"model": "admin.logentry", "pk": 99, "fields": {"action_time": "2023-05-30T14:30:31.375Z", "user": 1, "content_type": 7, "object_id": "2", "object_repr": "Products object (2)", "action_flag": 2, "change_message": "[]"}}, {"model": "admin.logentry", "pk": 100, "fields": {"action_time": "2023-05-30T14:30:36.359Z", "user": 1, "content_type": 7, "object_id": "3", "object_repr": "Products object (3)", "action_flag": 2, "change_message": "[]"}}, {"model": "admin.logentry", "pk": 101, "fields": {"action_time": "2023-05-30T14:55:33.103Z", "user": 1, "content_type": 12, "object_id": "3", "object_repr": "Ekomobong John", "action_flag": 2, "change_message": "[{\"changed\": {\"fields\": [\"User\"]}}]"}}, {"model": "admin.logentry", "pk": 102, "fields": {"action_time": "2023-06-02T07:49:58.365Z", "user": 1, "content_type": 7, "object_id": "16", "object_repr": "Products object (16)", "action_flag": 1, "change_message": "[{\"added\": {}}]"}}, {"model": "admin.logentry", "pk": 103, "fields": {"action_time": "2023-06-02T07:51:07.400Z", "user": 1, "content_type": 7, "object_id": "16", "object_repr": "Products object (16)", "action_flag": 2, "change_message": "[]"}}, {"model": "admin.logentry", "pk": 104, "fields": {"action_time": "2023-06-02T07:51:59.411Z", "user": 1, "content_type": 7, "object_id": "17", "object_repr": "Products object (17)", "action_flag": 1, "change_message": "[{\"added\": {}}]"}}, {"model": "admin.logentry", "pk": 105, "fields": {"action_time": "2023-06-02T07:55:49.433Z", "user": 1, "content_type": 7, "object_id": "18", "object_repr": "Products object (18)", "action_flag": 1, "change_message": "[{\"added\": {}}]"}}, {"model": "admin.logentry", "pk": 106, "fields": {"action_time": "2023-06-02T07:58:59.739Z", "user": 1, "content_type": 7, "object_id": "19", "object_repr": "Products object (19)", "action_flag": 1, "change_message": "[{\"added\": {}}]"}}, {"model": "admin.logentry", "pk": 107, "fields": {"action_time": "2023-06-02T08:02:44.143Z", "user": 1, "content_type": 7, "object_id": "20", "object_repr": "Products object (20)", "action_flag": 1, "change_message": "[{\"added\": {}}]"}}, {"model": "admin.logentry", "pk": 108, "fields": {"action_time": "2023-06-02T08:06:38.079Z", "user": 1, "content_type": 7, "object_id": "21", "object_repr": "Products object (21)", "action_flag": 1, "change_message": "[{\"added\": {}}]"}}, {"model": "admin.logentry", "pk": 109, "fields": {"action_time": "2023-06-02T08:08:45.347Z", "user": 1, "content_type": 7, "object_id": "22", "object_repr": "Products object (22)", "action_flag": 1, "change_message": "[{\"added\": {}}]"}}, {"model": "admin.logentry", "pk": 110, "fields": {"action_time": "2023-06-02T08:11:41.762Z", "user": 1, "content_type": 7, "object_id": "23", "object_repr": "Products object (23)", "action_flag": 1, "change_message": "[{\"added\": {}}]"}}, {"model": "admin.logentry", "pk": 111, "fields": {"action_time": "2023-06-02T08:18:59.563Z", "user": 1, "content_type": 7, "object_id": "24", "object_repr": "Products object (24)", "action_flag": 1, "change_message": "[{\"added\": {}}]"}}, {"model": "admin.logentry", "pk": 112, "fields": {"action_time": "2023-06-02T08:22:08.304Z", "user": 1, "content_type": 7, "object_id": "25", "object_repr": "Products object (25)", "action_flag": 1, "change_message": "[{\"added\": {}}]"}}, {"model": "auth.permission", "pk": 1, "fields": {"name": "Can add log entry", "content_type": 1, "codename": "add_logentry"}}, {"model": "auth.permission", "pk": 2, "fields": {"name": "Can change log entry", "content_type": 1, "codename": "change_logentry"}}, {"model": "auth.permission", "pk": 3, "fields": {"name": "Can delete log entry", "content_type": 1, "codename": "delete_logentry"}}, {"model": "auth.permission", "pk": 4, "fields": {"name": "Can view log entry", "content_type": 1, "codename": "view_logentry"}}, {"model": "auth.permission", "pk": 5, "fields": {"name": "Can add permission", "content_type": 2, "codename": "add_permission"}}, {"model": "auth.permission", "pk": 6, "fields": {"name": "Can change permission", "content_type": 2, "codename": "change_permission"}}, {"model": "auth.permission", "pk": 7, "fields": {"name": "Can delete permission", "content_type": 2, "codename": "delete_permission"}}, {"model": "auth.permission", "pk": 8, "fields": {"name": "Can view permission", "content_type": 2, "codename": "view_permission"}}, {"model": "auth.permission", "pk": 9, "fields": {"name": "Can add group", "content_type": 3, "codename": "add_group"}}, {"model": "auth.permission", "pk": 10, "fields": {"name": "Can change group", "content_type": 3, "codename": "change_group"}}, {"model": "auth.permission", "pk": 11, "fields": {"name": "Can delete group", "content_type": 3, "codename": "delete_group"}}, {"model": "auth.permission", "pk": 12, "fields": {"name": "Can view group", "content_type": 3, "codename": "view_group"}}, {"model": "auth.permission", "pk": 13, "fields": {"name": "Can add user", "content_type": 4, "codename": "add_user"}}, {"model": "auth.permission", "pk": 14, "fields": {"name": "Can change user", "content_type": 4, "codename": "change_user"}}, {"model": "auth.permission", "pk": 15, "fields": {"name": "Can delete user", "content_type": 4, "codename": "delete_user"}}, {"model": "auth.permission", "pk": 16, "fields": {"name": "Can view user", "content_type": 4, "codename": "view_user"}}, {"model": "auth.permission", "pk": 17, "fields": {"name": "Can add content type", "content_type": 5, "codename": "add_contenttype"}}, {"model": "auth.permission", "pk": 18, "fields": {"name": "Can change content type", "content_type": 5, "codename": "change_contenttype"}}, {"model": "auth.permission", "pk": 19, "fields": {"name": "Can delete content type", "content_type": 5, "codename": "delete_contenttype"}}, {"model": "auth.permission", "pk": 20, "fields": {"name": "Can view content type", "content_type": 5, "codename": "view_contenttype"}}, {"model": "auth.permission", "pk": 21, "fields": {"name": "Can add session", "content_type": 6, "codename": "add_session"}}, {"model": "auth.permission", "pk": 22, "fields": {"name": "Can change session", "content_type": 6, "codename": "change_session"}}, {"model": "auth.permission", "pk": 23, "fields": {"name": "Can delete session", "content_type": 6, "codename": "delete_session"}}, {"model": "auth.permission", "pk": 24, "fields": {"name": "Can view session", "content_type": 6, "codename": "view_session"}}, {"model": "auth.permission", "pk": 25, "fields": {"name": "Can add products", "content_type": 7, "codename": "add_products"}}, {"model": "auth.permission", "pk": 26, "fields": {"name": "Can change products", "content_type": 7, "codename": "change_products"}}, {"model": "auth.permission", "pk": 27, "fields": {"name": "Can delete products", "content_type": 7, "codename": "delete_products"}}, {"model": "auth.permission", "pk": 28, "fields": {"name": "Can view products", "content_type": 7, "codename": "view_products"}}, {"model": "auth.permission", "pk": 29, "fields": {"name": "Can add cart", "content_type": 8, "codename": "add_cart"}}, {"model": "auth.permission", "pk": 30, "fields": {"name": "Can change cart", "content_type": 8, "codename": "change_cart"}}, {"model": "auth.permission", "pk": 31, "fields": {"name": "Can delete cart", "content_type": 8, "codename": "delete_cart"}}, {"model": "auth.permission", "pk": 32, "fields": {"name": "Can view cart", "content_type": 8, "codename": "view_cart"}}, {"model": "auth.permission", "pk": 33, "fields": {"name": "Can add cart item", "content_type": 9, "codename": "add_cartitem"}}, {"model": "auth.permission", "pk": 34, "fields": {"name": "Can change cart item", "content_type": 9, "codename": "change_cartitem"}}, {"model": "auth.permission", "pk": 35, "fields": {"name": "Can delete cart item", "content_type": 9, "codename": "delete_cartitem"}}, {"model": "auth.permission", "pk": 36, "fields": {"name": "Can view cart item", "content_type": 9, "codename": "view_cartitem"}}, {"model": "auth.permission", "pk": 37, "fields": {"name": "Can add order", "content_type": 10, "codename": "add_order"}}, {"model": "auth.permission", "pk": 38, "fields": {"name": "Can change order", "content_type": 10, "codename": "change_order"}}, {"model": "auth.permission", "pk": 39, "fields": {"name": "Can delete order", "content_type": 10, "codename": "delete_order"}}, {"model": "auth.permission", "pk": 40, "fields": {"name": "Can view order", "content_type": 10, "codename": "view_order"}}, {"model": "auth.permission", "pk": 41, "fields": {"name": "Can add shipping address", "content_type": 11, "codename": "add_shippingaddress"}}, {"model": "auth.permission", "pk": 42, "fields": {"name": "Can change shipping address", "content_type": 11, "codename": "change_shippingaddress"}}, {"model": "auth.permission", "pk": 43, "fields": {"name": "Can delete shipping address", "content_type": 11, "codename": "delete_shippingaddress"}}, {"model": "auth.permission", "pk": 44, "fields": {"name": "Can view shipping address", "content_type": 11, "codename": "view_shippingaddress"}}, {"model": "auth.permission", "pk": 45, "fields": {"name": "Can add customer", "content_type": 12, "codename": "add_customer"}}, {"model": "auth.permission", "pk": 46, "fields": {"name": "Can change customer", "content_type": 12, "codename": "change_customer"}}, {"model": "auth.permission", "pk": 47, "fields": {"name": "Can delete customer", "content_type": 12, "codename": "delete_customer"}}, {"model": "auth.permission", "pk": 48, "fields": {"name": "Can view customer", "content_type": 12, "codename": "view_customer"}}, {"model": "auth.permission", "pk": 49, "fields": {"name": "Can add order item", "content_type": 13, "codename": "add_orderitem"}}, {"model": "auth.permission", "pk": 50, "fields": {"name": "Can change order item", "content_type": 13, "codename": "change_orderitem"}}, {"model": "auth.permission", "pk": 51, "fields": {"name": "Can delete order item", "content_type": 13, "codename": "delete_orderitem"}}, {"model": "auth.permission", "pk": 52, "fields": {"name": "Can view order item", "content_type": 13, "codename": "view_orderitem"}}, {"model": "auth.user", "pk": 1, "fields": {"password": "pbkdf2_sha256$600000$6dPqAPa7gESAfCVWiFtdBp$+k8QgDZDk/n8w+B/hD1uCeBP19RlpeFAIxn+dRoGbbE=", "last_login": "2023-06-03T21:50:47.077Z", "is_superuser": true, "username": "admin", "first_name": "", "last_name": "", "email": "ekomzy@gmail.com", "is_staff": true, "is_active": true, "date_joined": "2023-05-18T20:55:06.916Z", "groups": [], "user_permissions": []}}, {"model": "auth.user", "pk": 2, "fields": {"password": "pbkdf2_sha256$600000$F2sQeCyKU6CiPWEv5rE6It$1VCyLUGVlAd4NjkwqQdxcl6hui4mLu9dpQSz/gNN/wM=", "last_login": null, "is_superuser": false, "username": "ekom", "first_name": "", "last_name": "", "email": "", "is_staff": false, "is_active": true, "date_joined": "2023-05-27T22:57:06.144Z", "groups": [], "user_permissions": []}}, {"model": "auth.user", "pk": 3, "fields": {"password": "pbkdf2_sha256$600000$l24Pzd1co04092cxbNYofZ$W+GeZzYwYAvf8bNy1498H+XhOf8mwaUxAMOQFBabcm8=", "last_login": "2023-05-30T14:56:00.386Z", "is_superuser": false, "username": "ekomzy", "first_name": "", "last_name": "", "email": "", "is_staff": false, "is_active": true, "date_joined": "2023-05-29T18:29:35.786Z", "groups": [], "user_permissions": []}}, {"model": "auth.user", "pk": 4, "fields": {"password": "pbkdf2_sha256$600000$fU4hfaU0Gz9iWB6ha0L5wM$o7FPDin4vv3I0Kk2cGYW0q1Qdz2uWeB4UjrTtdgs2JQ=", "last_login": "2023-05-31T08:55:11.298Z", "is_superuser": false, "username": "patricia", "first_name": "", "last_name": "", "email": "", "is_staff": false, "is_active": true, "date_joined": "2023-05-31T08:55:11.039Z", "groups": [], "user_permissions": []}}, {"model": "auth.user", "pk": 5, "fields": {"password": "pbkdf2_sha256$600000$z8rfvQK3PdE2QYu6CL3JzZ$gi2AshYsC4LJBd1kAbJnd7LFOmFn1ZxzfILVeC+6Pz0=", "last_login": "2023-06-01T08:15:02.209Z", "is_superuser": false, "username": "uduak", "first_name": "", "last_name": "", "email": "", "is_staff": false, "is_active": true, "date_joined": "2023-05-31T12:04:31.676Z", "groups": [], "user_permissions": []}}, {"model": "auth.user", "pk": 6, "fields": {"password": "pbkdf2_sha256$600000$LF0SBIxUFDFCUX4kv8mGhz$9EJgOeJZZb23bw/wuIs0q9IU5crNdffX8C4YuNJDl8s=", "last_login": "2023-06-01T18:50:03.674Z", "is_superuser": false, "username": "eton", "first_name": "", "last_name": "", "email": "", "is_staff": false, "is_active": true, "date_joined": "2023-06-01T18:50:03.410Z", "groups": [], "user_permissions": []}}, {"model": "contenttypes.contenttype", "pk": 1, "fields": {"app_label": "admin", "model": "logentry"}}, {"model": "contenttypes.contenttype", "pk": 2, "fields": {"app_label": "auth", "model": "permission"}}, {"model": "contenttypes.contenttype", "pk": 3, "fields": {"app_label": "auth", "model": "group"}}, {"model": "contenttypes.contenttype", "pk": 4, "fields": {"app_label": "auth", "model": "user"}}, {"model": "contenttypes.contenttype", "pk": 5, "fields": {"app_label": "contenttypes", "model": "contenttype"}}, {"model": "contenttypes.contenttype", "pk": 6, "fields": {"app_label": "sessions", "model": "session"}}, {"model": "contenttypes.contenttype", "pk": 7, "fields": {"app_label": "products", "model": "products"}}, {"model": "contenttypes.contenttype", "pk": 8, "fields": {"app_label": "products", "model": "cart"}}, {"model": "contenttypes.contenttype", "pk": 9, "fields": {"app_label": "products", "model": "cartitem"}}, {"model": "contenttypes.contenttype", "pk": 10, "fields": {"app_label": "products", "model": "order"}}, {"model": "contenttypes.contenttype", "pk": 11, "fields": {"app_label": "products", "model": "shippingaddress"}}, {"model": "contenttypes.contenttype", "pk": 12, "fields": {"app_label": "products", "model": "customer"}}, {"model": "contenttypes.contenttype", "pk": 13, "fields": {"app_label": "products", "model": "orderitem"}}, {"model": "sessions.session", "pk": "khk477o1ifh8pnk9wblcbbqd60qh8cob", "fields": {"session_data": ".eJxVjDsOwjAQBe_iGlnsxr9Q0ucMltdr4wCypTipEHeHSCmgfTPzXsKHbS1-62nxM4uLAHH63SjER6o74HuotyZjq-syk9wVedAup8bpeT3cv4MSevnWmBkQFOPA45ithUBoNNiYAUhZp7VTNETH6ayZkhosm2yMTowZNZJ4fwDR_Den:1pzkfw:PCliB956V94mNYuMC7v1t5WhlIV6L_yiHpDXh9sR1UI", "expire_date": "2023-06-01T20:56:40.122Z"}}, {"model": "sessions.session", "pk": "mw9xm3ykc4se4yl24cq6162ewhinwrgp", "fields": {"session_data": ".eJxVjDsOwjAQBe_iGlnsxr9Q0ucMltdr4wCypTipEHeHSCmgfTPzXsKHbS1-62nxM4uLAHH63SjER6o74HuotyZjq-syk9wVedAup8bpeT3cv4MSevnWmBkQFOPA45ithUBoNNiYAUhZp7VTNETH6ayZkhosm2yMTowZNZJ4fwDR_Den:1q5Z95:N02XR6-WJf9MCTooeQCfPMNi7Q7Fp8i9VSwW0TRu4jY", "expire_date": "2023-06-17T21:50:47.088Z"}}, {"model": "products.customer", "pk": 1, "fields": {"user": 2, "name": "Ekomobong Isaiah John", "email": "johnekomobong62@gmail.com"}}, {"model": "products.customer", "pk": 2, "fields": {"user": 1, "name": "ekom", "email": "ekomzy@gmail.com"}}, {"model": "products.customer", "pk": 3, "fields": {"user": 3, "name": "Ekomobong John", "email": "esther@gmail.com"}}, {"model": "products.customer", "pk": 4, "fields": {"user": 5, "name": "uduak", "email": ""}}, {"model": "products.customer", "pk": 5, "fields": {"user": 6, "name": "eton", "email": ""}}, {"model": "products.products", "pk": 1, "fields": {"name": "Bondage hoods", "price": "105.00", "stock": 50, "digital": false, "image": "https://cdn.shopify.com/s/files/1/0634/1335/4713/products/Lovelorn-Front-Alliance-Cyber-Mask_8_720x.jpg?v=1661825795"}}, {"model": "products.products", "pk": 2, "fields": {"name": "Collars", "price": "40.00", "stock": 50, "digital": false, "image": "https://cdn.shopify.com/s/files/1/0021/4420/6912/products/black-leather-o-ring-choker-harness-necklace-no-system-1_5000x.jpg?v=1648336126"}}, {"model": "products.products", "pk": 3, "fields": {"name": "Chokers", "price": "120.00", "stock": 50, "digital": false, "image": "https://www.vitalydesign.com/cdn/shop/products/Frenzy2.0-Vitaly-MB-1_600x.jpg?v=1647471728"}}, {"model": "products.products", "pk": 4, "fields": {"name": "Gags", "price": "80.00", "stock": 50, "digital": false, "image": "https://upload.wikimedia.org/wikipedia/commons/d/d4/Harness_gag_and_collar.jpg"}}, {"model": "products.products", "pk": 5, "fields": {"name": "Clamps", "price": "20.00", "stock": 50, "digital": false, "image": "https://encrypted-tbn2.gstatic.com/shopping?q=tbn:ANd9GcSgaV0SzCRkcWsEGodGQrq-vNGyyTQ8YyZyjINLgoMtM2Izm_WHgUEx1GJKG7llfuQdEJRFJiEuYaMF171EagAzBU8FesJrwxKXOtNW9lNiGX27uSA-BiyjQ0VpOYmYul7ruHs&usqp=CAc"}}, {"model": "products.products", "pk": 6, "fields": {"name": "Floggers", "price": "20.00", "stock": 50, "digital": false, "image": "https://img.staticdj.com/cddfd4d0460d9dfea43ee472bf4ff492_750x.jpeg"}}, {"model": "products.products", "pk": 7, "fields": {"name": "Spanking Bench", "price": "260.00", "stock": 20, "digital": false, "image": "https://i.ebayimg.com/images/g/hosAAOSwM0tiima7/s-l1600.jpg"}}, {"model": "products.products", "pk": 8, "fields": {"name": "Cuffs", "price": "50.00", "stock": 30, "digital": false, "image": "https://m.media-amazon.com/images/I/61GMLUrpcxL._AC_SX569_.jpg"}}, {"model": "products.products", "pk": 9, "fields": {"name": "Door Sex Swing", "price": "55.00", "stock": 40, "digital": false, "image": "https://images-cdn.ubuy.ae/6401dcbd41d0b152ce2470e7-door-sex-swing-with-seat-sexy-slave.jpg"}}, {"model": "products.products", "pk": 10, "fields": {"name": "Nipples Suck", "price": "50.00", "stock": 30, "digital": false, "image": "https://miro.medium.com/v2/resize:fit:1400/format:webp/0*AykgObThzrWg4S_s.jpg"}}, {"model": "products.products", "pk": 11, "fields": {"name": "Nipple and Clit Clamp", "price": "10.00", "stock": 30, "digital": false, "image": "https://miro.medium.com/v2/resize:fit:720/format:webp/0*X0hwXn3DT1evQTZS.jpg"}}, {"model": "products.products", "pk": 12, "fields": {"name": "Stainless Steel Wartenberg Pinwheel", "price": "35.00", "stock": 40, "digital": false, "image": "https://miro.medium.com/v2/resize:fit:1400/format:webp/0*xu1diwvLK3XDhMCc.jpg"}}, {"model": "products.products", "pk": 13, "fields": {"name": "Split", "price": "90.00", "stock": 40, "digital": false, "image": "https://s.alicdn.com/@sc04/kf/H90a249199fb64f91822167351786a2dcm.png_960x960.png"}}, {"model": "products.products", "pk": 14, "fields": {"name": "Sex Swing", "price": "101.00", "stock": 40, "digital": false, "image": "https://www.viva-awa.com/image/cache/catalog/bt_product/sex-swing-sex-games-comfortably-adjustable-bdsm-sex-toy-india-450x450.jpg"}}, {"model": "products.products", "pk": 15, "fields": {"name": "Double Spreader Bar with Soft Cuffs", "price": "40.00", "stock": 23, "digital": false, "image": "https://cdn.webshopapp.com/shops/248874/files/228446573/890x820x2/rimba-double-spreader-bar-with-soft-cuffs.jpg"}}, {"model": "products.products", "pk": 16, "fields": {"name": "Strict Leather Sleepsack", "price": "540.00", "stock": 30, "digital": false, "image": "https://www.extremerestraints.com/media/catalog/product/cache/1/image/9df78eab33525d08d6e5fb8d27136e95/x/r/xr_at950ecloseup.jpg"}}, {"model": "products.products", "pk": 17, "fields": {"name": "The 7-Reel Pinwheel", "price": "52.95", "stock": 50, "digital": false, "image": "https://www.extremerestraints.com/media/catalog/product/cache/1/image/9df78eab33525d08d6e5fb8d27136e95/x/r/xr_AB974acloseup.jpg"}}, {"model": "products.products", "pk": 18, "fields": {"name": "Versa Fu*k Machine", "price": "799.99", "stock": 10, "digital": false, "image": "https://m.media-amazon.com/images/I/71CrRmUx3aL.jpg"}}, {"model": "products.products", "pk": 19, "fields": {"name": "Arcana Electrosex Wand", "price": "195.80", "stock": 40, "digital": false, "image": "https://x-factory.at/contents/media/l_wand%20massagestab-050118-xr-ad268-01.jpg"}}, {"model": "products.products", "pk": 20, "fields": {"name": "LoveBotz Robo Fuk Deluxe Adjustable Sex Machine", "price": "763.65", "stock": 10, "digital": false, "image": "https://cdn11.bigcommerce.com/s-mv07e/images/stencil/1280x1280/products/1296/8175/LoveBotz-RoboFUKSexMachine-AD929__90352.1523479814.jpg?c=2"}}, {"model": "products.products", "pk": 21, "fields": {"name": "50X Saddle Pro Sex Machine with 4 Attachments 50X Saddle Pro Sex Machine with 4 Attachments", "price": "999.99", "stock": 10, "digital": false, "image": "https://i.etsystatic.com/19533616/r/il/bfe9ff/4641594988/il_794xN.4641594988_b8k7.jpg"}}, {"model": "products.products", "pk": 22, "fields": {"name": "Bondage Board", "price": "532.95", "stock": 10, "digital": false, "image": "https://www.extremerestraints.com/media/catalog/product/cache/1/image/9df78eab33525d08d6e5fb8d27136e95/x/l/xl-bondage-board.jpg"}}, {"model": "products.products", "pk": 23, "fields": {"name": "Power Pounder Vibrating Silicone Auto-Thruster Power Pounder Vibrating Silicone Auto-Thruster", "price": "188.95", "stock": 40, "digital": false, "image": "https://cdn.shopify.com/s/files/1/0257/2510/8320/files/af911-1.jpg"}}, {"model": "products.products", "pk": 24, "fields": {"name": "Detachable Kinky Sex Chaise with Love Pillows Detachable Kinky Sex Chaise with Love Pillows", "price": "1195.00", "stock": 10, "digital": false, "image": "https://cdn.shopify.com/s/files/1/0257/2510/8320/files/ah233-02b_2_1000x1000_b8bbbbde-6657-45f2-a2fd-954356ce2340_1024x1024.jpg?v=1685139888"}}, {"model": "products.products", "pk": 25, "fields": {"name": "Bangin Bench EZ-Ride Sex Stool with Handles", "price": "699.00", "stock": 30, "digital": false, "image": "https://www.sinful.com/media/catalog/product/cache/6/thumbnail/602x/9df78eab33525d08d6e5fb8d27136e95/2/2/22592-lovebotz-4-in-1-bangin-bench-sex-stol_01_q100.jpg"}}, {"model": "products.order", "pk": 5, "fields": {"customer": 2, "date_ordered": "2023-05-28T07:06:57.825Z", "complete": true, "transaction_id": "1685457574.948859"}}, {"model": "products.order", "pk": 7, "fields": {"customer": 2, "date_ordered": "2023-05-30T14:39:42.794Z", "complete": false, "transaction_id": null}}, {"model": "products.order", "pk": 8, "fields": {"customer": 3, "date_ordered": "2023-05-30T14:40:48.410Z", "complete": true, "transaction_id": "1685457648.377484"}}, {"model": "products.order", "pk": 9, "fields": {"customer": 3, "date_ordered": "2023-05-30T14:42:01.244Z", "complete": true, "transaction_id": "1685457721.224508"}}, {"model": "products.order", "pk": 10, "fields": {"customer": 3, "date_ordered": "2023-05-30T14:56:00.411Z", "complete": true, "transaction_id": "1685459348.289734"}}, {"model": "products.order", "pk": 11, "fields": {"customer": 3, "date_ordered": "2023-05-30T15:09:10.961Z", "complete": false, "transaction_id": null}}, {"model": "products.order", "pk": 12, "fields": {"customer": 4, "date_ordered": "2023-05-31T12:04:32.075Z", "complete": false, "transaction_id": null}}, {"model": "products.order", "pk": 13, "fields": {"customer": 5, "date_ordered": "2023-06-01T18:50:03.696Z", "complete": false, "transaction_id": null}}, {"model": "products.orderitem", "pk": 3, "fields": {"product": 3, "order": 5, "quantity": 3, "date_added": "2023-05-28T07:07:22.291Z"}}, {"model": "products.orderitem", "pk": 4, "fields": {"product": 2, "order": 8, "quantity": 3, "date_added": "2023-05-30T14:40:48.419Z"}}, {"model": "products.orderitem", "pk": 5, "fields": {"product": 3, "order": 8, "quantity": 2, "date_added": "2023-05-30T14:40:48.429Z"}}, {"model": "products.orderitem", "pk": 6, "fields": {"product": 2, "order": 9, "quantity": 3, "date_added": "2023-05-30T14:42:01.254Z"}}, {"model": "products.orderitem", "pk": 7, "fields": {"product": 3, "order": 9, "quantity": 2, "date_added": "2023-05-30T14:42:01.264Z"}}, {"model": "products.orderitem", "pk": 8, "fields": {"product": 2, "order": 10, "quantity": 5, "date_added": "2023-05-30T15:01:50.289Z"}}, {"model": "products.orderitem", "pk": 9, "fields": {"product": 3, "order": 10, "quantity": 3, "date_added": "2023-05-30T15:02:09.421Z"}}, {"model": "products.orderitem", "pk": 10, "fields": {"product": 2, "order": 11, "quantity": 1, "date_added": "2023-05-31T08:53:13.552Z"}}, {"model": "products.orderitem", "pk": 11, "fields": {"product": 2, "order": 12, "quantity": 6, "date_added": "2023-05-31T12:05:00.288Z"}}, {"model": "products.orderitem", "pk": 12, "fields": {"product": 3, "order": 12, "quantity": 4, "date_added": "2023-05-31T12:05:13.828Z"}}, {"model": "products.orderitem", "pk": 13, "fields": {"product": 1, "order": 12, "quantity": 1, "date_added": "2023-05-31T12:05:56.720Z"}}, {"model": "products.orderitem", "pk": 14, "fields": {"product": 1, "order": 13, "quantity": 1, "date_added": "2023-06-01T18:50:22.670Z"}}, {"model": "products.orderitem", "pk": 15, "fields": {"product": 3, "order": 13, "quantity": 1, "date_added": "2023-06-01T18:50:27.941Z"}}, {"model": "products.orderitem", "pk": 16, "fields": {"product": 4, "order": 13, "quantity": 1, "date_added": "2023-06-01T18:50:40.800Z"}}, {"model": "products.orderitem", "pk": 17, "fields": {"product": 7, "order": 13, "quantity": 3, "date_added": "2023-06-01T18:50:43.951Z"}}, {"model": "products.orderitem", "pk": 18, "fields": {"product": 11, "order": 7, "quantity": 1, "date_added": "2023-06-02T08:26:35.223Z"}}, {"model": "products.shippingaddress", "pk": 3, "fields": {"customer": 2, "order": 5, "address": "School Road", "city": "Uyo", "state": "Akwa ibom", "zipcode": "520101", "date_added": "2023-05-28T07:07:57.105Z"}}, {"model": "products.shippingaddress", "pk": 4, "fields": {"customer": 2, "order": 5, "address": "School Road, Ikot Mbonde Itam", "city": "Uyo", "state": "Akwa ibom", "zipcode": "520101", "date_added": "2023-05-30T14:39:34.976Z"}}, {"model": "products.shippingaddress", "pk": 5, "fields": {"customer": 3, "order": 8, "address": "School Road, Ikot Mbonde Itam", "city": "Uyo", "state": "Akwa ibom", "zipcode": "520101", "date_added": "2023-05-30T14:40:48.458Z"}}, {"model": "products.shippingaddress", "pk": 6, "fields": {"customer": 3, "order": 9, "address": "School Road, Ikot Mbonde Itam", "city": "Uyo", "state": "Akwa ibom", "zipcode": "520101", "date_added": "2023-05-30T14:42:01.284Z"}}, {"model": "products.shippingaddress", "pk": 7, "fields": {"customer": 3, "order": 10, "address": "School Road, Ikot Mbonde Itam", "city": "Uyo", "state": "Akwa ibom", "zipcode": "520101", "date_added": "2023-05-30T15:09:08.325Z"}}]